r_nm,q_hat,success_count,sample_count,ci_low,ci_high
0.000000,1.0000000000,2000,2000,0.9980828824,1.0000000000
25.000000,1.0000000000,2000,2000,0.9980828824,1.0000000000
50.000000,1.0000000000,2000,2000,0.9980828824,1.0000000000
75.000000,0.8250000000,1650,2000,0.8077284515,0.8410254220
100.000000,0.6100000000,1220,2000,0.5884319930,0.6311462411
125.000000,0.4910000000,982,2000,0.4691283434,0.5129061648
150.000000,0.4210000000,842,2000,0.3995334596,0.4427694450
175.000000,0.3345000000,669,2000,0.3141564568,0.3554781091
200.000000,0.3170000000,634,2000,0.2969743723,0.3377272928
225.000000,0.2780000000,556,2000,0.2588047614,0.2980464388
250.000000,0.2390000000,478,2000,0.2208205979,0.2581801375
275.000000,0.2195000000,439,2000,0.2019068584,0.2381686446
300.000000,0.2060000000,412,2000,0.1888467168,0.2242805484
325.000000,0.2030000000,406,2000,0.1859484710,0.2211902968
350.000000,0.1780000000,356,2000,0.1618576564,0.1953769674
375.000000,0.1640000000,328,2000,0.1484188804,0.1808694226
400.000000,0.1470000000,294,2000,0.1321574876,0.1631959974
425.000000,0.1405000000,281,2000,0.1259581288,0.1564202787
450.000000,0.1410000000,282,2000,0.1264346211,0.1569418693
475.000000,0.1250000000,250,2000,0.1112205888,0.1402172494
500.000000,0.1275000000,255,2000,0.1135930002,0.1428352524
525.000000,0.1220000000,244,2000,0.1083761822,0.1370731587
550.000000,0.1175000000,235,2000,0.1041148401,0.1323517548
575.000000,0.1045000000,209,2000,0.0918426215,0.1186738185
600.000000,0.1020000000,204,2000,0.0894896375,0.1160363881
625.000000,0.1050000000,210,2000,0.0923135056,0.1192010173
650.000000,0.0825000000,165,2000,0.0712275156,0.0953732776
675.000000,0.0880000000,176,2000,0.0763606909,0.1012190140
700.000000,0.0795000000,159,2000,0.0684341615,0.0921781344
725.000000,0.0785000000,157,2000,0.0675041275,0.0911120027
750.000000,0.0840000000,168,2000,0.0726259665,0.0969690753
775.000000,0.0830000000,166,2000,0.0716935370,0.0959053390
800.000000,0.0635000000,127,2000,0.0536266892,0.0750469545
825.000000,0.0650000000,130,2000,0.0550076685,0.0766602238
850.000000,0.0820000000,164,2000,0.0707616245,0.0948410858
875.000000,0.0660000000,132,2000,0.0559292280,0.0777348300
900.000000,0.0630000000,126,2000,0.0531667333,0.0745088274
925.000000,0.0570000000,114,2000,0.0476626119,0.0680359543
950.000000,0.0495000000,99,2000,0.0408271100,0.0599002130
975.000000,0.0580000000,116,2000,0.0485779129,0.0691168190
1000.000000,0.0485000000,97,2000,0.0399199505,0.0588112067
1025.000000,0.0575000000,115,2000,0.0481201553,0.0685764938
1050.000000,0.0585000000,117,2000,0.0490358822,0.0696569326
1075.000000,0.0500000000,100,2000,0.0412810881,0.0604443177
1100.000000,0.0500000000,100,2000,0.0412810881,0.0604443177
1125.000000,0.0460000000,92,2000,0.0376568848,0.0560838580
1150.000000,0.0495000000,99,2000,0.0408271100,0.0599002130
1175.000000,0.0545000000,109,2000,0.0453782032,0.0653299486
1200.000000,0.0505000000,101,2000,0.0417353269,0.0609881618
1225.000000,0.0420000000,84,2000,0.0340514835,0.0517045963
1250.000000,0.0370000000,74,2000,0.0295751832,0.0462000677
1275.000000,0.0525000000,105,2000,0.0435548173,0.0631610029
1300.000000,0.0485000000,97,2000,0.0399199505,0.0588112067
1325.000000,0.0435000000,87,2000,0.0354011538,0.0533491746
1350.000000,0.0410000000,82,2000,0.0331533614,0.0506065526
1375.000000,0.0510000000,102,2000,0.0421898227,0.0615317489
1400.000000,0.0445000000,89,2000,0.0363025293,0.0544439649
1425.000000,0.0370000000,74,2000,0.0295751832,0.0462000677
1450.000000,0.0370000000,74,2000,0.0295751832,0.0462000677
1475.000000,0.0430000000,86,2000,0.0349509394,0.0528013061
1500.000000,0.0440000000,88,2000,0.0358516855,0.0538967258
1525.000000,0.0405000000,81,2000,0.0327048149,0.0500570162
1550.000000,0.0335000000,67,2000,0.0264651620,0.0423235087
1575.000000,0.0305000000,61,2000,0.0238172875,0.0389828859
1600.000000,0.0375000000,75,2000,0.0300211339,0.0467521998
1625.000000,0.0215000000,43,2000,0.0160006941,0.0288339875
1650.000000,0.0280000000,56,2000,0.0216251076,0.0361846515
1675.000000,0.0405000000,81,2000,0.0327048149,0.0500570162
1700.000000,0.0280000000,56,2000,0.0216251076,0.0361846515
1725.000000,0.0265000000,53,2000,0.0203168215,0.0344986888
1750.000000,0.0320000000,64,2000,0.0251390139,0.0406554081
1775.000000,0.0265000000,53,2000,0.0203168215,0.0344986888
1800.000000,0.0245000000,49,2000,0.0185815362,0.0322416426
1825.000000,0.0240000000,48,2000,0.0181494639,0.0316756321
1850.000000,0.0295000000,59,2000,0.0229387466,0.0378652611
1875.000000,0.0320000000,64,2000,0.0251390139,0.0406554081
1900.000000,0.0240000000,48,2000,0.0181494639,0.0316756321
1925.000000,0.0300000000,60,2000,0.0233777478,0.0384243427
1950.000000,0.0295000000,59,2000,0.0229387466,0.0378652611
1975.000000,0.0215000000,43,2000,0.0160006941,0.0288339875
2000.000000,0.0250000000,50,2000,0.0190143282,0.0328069335
2025.000000,0.0165000000,33,2000,0.0117727511,0.0230811016
2050.000000,0.0250000000,50,2000,0.0190143282,0.0328069335
2075.000000,0.0180000000,36,2000,0.0130299146,0.0248181868
2100.000000,0.0200000000,40,2000,0.0147216438,0.0271187891
2125.000000,0.0160000000,32,2000,0.0113561644,0.0224996055
2150.000000,0.0185000000,37,2000,0.0134512715,0.0253949127
2175.000000,0.0215000000,43,2000,0.0160006941,0.0288339875
2200.000000,0.0160000000,32,2000,0.0113561644,0.0224996055
2225.000000,0.0175000000,35,2000,0.0126096775,0.0242403409
2250.000000,0.0160000000,32,2000,0.0113561644,0.0224996055
2275.000000,0.0225000000,45,2000,0.0168577865,0.0299730609
2300.000000,0.0235000000,47,2000,0.0177181328,0.0311088803
2325.000000,0.0150000000,30,2000,0.0105270301,0.0213325740
2350.000000,0.0185000000,37,2000,0.0134512715,0.0253949127
2375.000000,0.0155000000,31,2000,0.0109409035,0.0219167835
2400.000000,0.0185000000,37,2000,0.0134512715,0.0253949127
2425.000000,0.0125000000,25,2000,0.0084810216,0.0183881681
2450.000000,0.0085000000,17,2000,0.0053137226,0.0135708040
2475.000000,0.0135000000,27,2000,0.0092944309,0.0195709246
2500.000000,0.0135000000,27,2000,0.0092944309,0.0195709246
2525.000000,0.0120000000,24,2000,0.0080770962,0.0177940106
2550.000000,0.0120000000,24,2000,0.0080770962,0.0177940106
2575.000000,0.0095000000,19,2000,0.0060901912,0.0147905012
2600.000000,0.0085000000,17,2000,0.0053137226,0.0135708040
2625.000000,0.0105000000,21,2000,0.0068778346,0.0159990235
2650.000000,0.0100000000,20,2000,0.0064827170,0.0153960583
2675.000000,0.0105000000,21,2000,0.0068778346,0.0159990235
2700.000000,0.0060000000,12,2000,0.0034355600,0.0104585522
2725.000000,0.0060000000,12,2000,0.0034355600,0.0104585522
2750.000000,0.0095000000,19,2000,0.0060901912,0.0147905012
2775.000000,0.0055000000,11,2000,0.0030738650,0.0098221643
2800.000000,0.0100000000,20,2000,0.0064827170,0.0153960583
2825.000000,0.0075000000,15,2000,0.0045503365,0.0123380244
2850.000000,0.0040000000,8,2000,0.0020282222,0.0078735584
2875.000000,0.0055000000,11,2000,0.0030738650,0.0098221643
2900.000000,0.0050000000,10,2000,0.0027181513,0.0091797951
2925.000000,0.0050000000,10,2000,0.0027181513,0.0091797951
2950.000000,0.0045000000,9,2000,0.0023692536,0.0085306099
2975.000000,0.0030000000,6,2000,0.0013756111,0.0065300037
3000.000000,0.0025000000,5,2000,0.0010682930,0.0058392390
3025.000000,0.0040000000,8,2000,0.0020282222,0.0078735584
3050.000000,0.0010000000,2,2000,0.0002742732,0.0036390102
3075.000000,0.0035000000,7,2000,0.0016964100,0.0072072877
3100.000000,0.0040000000,8,2000,0.0020282222,0.0078735584
3125.000000,0.0035000000,7,2000,0.0016964100,0.0072072877
3150.000000,0.0035000000,7,2000,0.0016964100,0.0072072877
3175.000000,0.0025000000,5,2000,0.0010682930,0.0058392390
3200.000000,0.0035000000,7,2000,0.0016964100,0.0072072877
3225.000000,0.0035000000,7,2000,0.0016964100,0.0072072877
3250.000000,0.0010000000,2,2000,0.0002742732,0.0036390102
3275.000000,0.0015000000,3,2000,0.0005102543,0.0044011119
3300.000000,0.0005000000,1,2000,0.0000882655,0.0028269350
3325.000000,0.0000000000,0,2000,0.0000000000,0.0019171176
3350.000000,0.0015000000,3,2000,0.0005102543,0.0044011119
3375.000000,0.0030000000,6,2000,0.0013756111,0.0065300037
3400.000000,0.0025000000,5,2000,0.0010682930,0.0058392390
3425.000000,0.0025000000,5,2000,0.0010682930,0.0058392390
3450.000000,0.0020000000,4,2000,0.0007780147,0.0051314344
3475.000000,0.0010000000,2,2000,0.0002742732,0.0036390102
3500.000000,0.0015000000,3,2000,0.0005102543,0.0044011119
3525.000000,0.0005000000,1,2000,0.0000882655,0.0028269350
3550.000000,0.0020000000,4,2000,0.0007780147,0.0051314344
3575.000000,0.0005000000,1,2000,0.0000882655,0.0028269350
3600.000000,0.0005000000,1,2000,0.0000882655,0.0028269350
3625.000000,0.0020000000,4,2000,0.0007780147,0.0051314344
3650.000000,0.0015000000,3,2000,0.0005102543,0.0044011119
3675.000000,0.0010000000,2,2000,0.0002742732,0.0036390102
3700.000000,0.0010000000,2,2000,0.0002742732,0.0036390102
3725.000000,0.0000000000,0,2000,0.0000000000,0.0019171176
3750.000000,0.0005000000,1,2000,0.0000882655,0.0028269350
3775.000000,0.0005000000,1,2000,0.0000882655,0.0028269350
3800.000000,0.0010000000,2,2000,0.0002742732,0.0036390102
3825.000000,0.0000000000,0,2000,0.0000000000,0.0019171176
3850.000000,0.0000000000,0,2000,0.0000000000,0.0019171176
3875.000000,0.0005000000,1,2000,0.0000882655,0.0028269350
3900.000000,0.0005000000,1,2000,0.0000882655,0.0028269350
3925.000000,0.0005000000,1,2000,0.0000882655,0.0028269350
3950.000000,0.0005000000,1,2000,0.0000882655,0.0028269350
3975.000000,0.0005000000,1,2000,0.0000882655,0.0028269350
4000.000000,0.0000000000,0,2000,0.0000000000,0.0019171176
4025.000000,0.0000000000,0,2000,0.0000000000,0.0019171176
4050.000000,0.0000000000,0,2000,0.0000000000,0.0019171176
4075.000000,0.0000000000,0,2000,0.0000000000,0.0019171176
4100.000000,0.0005000000,1,2000,0.0000882655,0.0028269350
4125.000000,0.0005000000,1,2000,0.0000882655,0.0028269350
4150.000000,0.0005000000,1,2000,0.0000882655,0.0028269350
4175.000000,0.0000000000,0,2000,0.0000000000,0.0019171176
4200.000000,0.0005000000,1,2000,0.0000882655,0.0028269350
4225.000000,0.0005000000,1,2000,0.0000882655,0.0028269350
4250.000000,0.0000000000,0,2000,0.0000000000,0.0019171176
4275.000000,0.0010000000,2,2000,0.0002742732,0.0036390102
4300.000000,0.0005000000,1,2000,0.0000882655,0.0028269350
4325.000000,0.0000000000,0,2000,0.0000000000,0.0019171176
4350.000000,0.0005000000,1,2000,0.0000882655,0.0028269350
4375.000000,0.0005000000,1,2000,0.0000882655,0.0028269350
4400.000000,0.0005000000,1,2000,0.0000882655,0.0028269350
4425.000000,0.0000000000,0,2000,0.0000000000,0.0019171176
4450.000000,0.0005000000,1,2000,0.0000882655,0.0028269350
4475.000000,0.0000000000,0,2000,0.0000000000,0.0019171176
4500.000000,0.0005000000,1,2000,0.0000882655,0.0028269350
4525.000000,0.0000000000,0,2000,0.0000000000,0.0019171176
4550.000000,0.0000000000,0,2000,0.0000000000,0.0019171176
4575.000000,0.0000000000,0,2000,0.0000000000,0.0019171176
4600.000000,0.0000000000,0,2000,0.0000000000,0.0019171176
4625.000000,0.0000000000,0,2000,0.0000000000,0.0019171176
4650.000000,0.0000000000,0,2000,0.0000000000,0.0019171176
4675.000000,0.0000000000,0,2000,0.0000000000,0.0019171176
4700.000000,0.0000000000,0,2000,0.0000000000,0.0019171176
4725.000000,0.0000000000,0,2000,0.0000000000,0.0019171176
4750.000000,0.0005000000,1,2000,0.0000882655,0.0028269350
4775.000000,0.0000000000,0,2000,0.0000000000,0.0019171176
4800.000000,0.0000000000,0,2000,0.0000000000,0.0019171176
4825.000000,0.0000000000,0,2000,0.0000000000,0.0019171176
4850.000000,0.0000000000,0,2000,0.0000000000,0.0019171176
4875.000000,0.0000000000,0,2000,0.0000000000,0.0019171176
4900.000000,0.0000000000,0,2000,0.0000000000,0.0019171176
4925.000000,0.0000000000,0,2000,0.0000000000,0.0019171176
4950.000000,0.0000000000,0,2000,0.0000000000,0.0019171176
4975.000000,0.0000000000,0,2000,0.0000000000,0.0019171176
5000.000000,0.0000000000,0,2000,0.0000000000,0.0019171176
5025.000000,0.0000000000,0,2000,0.0000000000,0.0019171176
5050.000000,0.0000000000,0,2000,0.0000000000,0.0019171176
5075.000000,0.0000000000,0,2000,0.0000000000,0.0019171176
5100.000000,0.0000000000,0,2000,0.0000000000,0.0019171176
